web-scraper-order,web-scraper-start-url,author,title,date,content,rating,next,next-href
"1549822406-887","https://www.amazon.in/Think-Grow-Rich-Napoleon-Hill/product-reviews/8192910911/ref=cm_cr_dp_d_show_all_top?ie=UTF8&reviewerType=all_reviews","Anit Lyngwa","A user's manual","31 October 2018","The secret to this book is re-reading it over and over again until it is embedded in your system and actually realise that the things you are doing in the moment are actually borrowed from the book more like a user manual. A one time read won't get you results the fire will extinguish. Keep the flame raring on.","4.0 out of 5 stars","Next page→","https://www.amazon.in/Think-Grow-Rich-Napoleon-Hill/product-reviews/8192910911/ref=cm_cr_arp_d_paging_btm_4?ie=UTF8&pageNumber=4&reviewerType=all_reviews"
"1549822399-879","https://www.amazon.in/Think-Grow-Rich-Napoleon-Hill/product-reviews/8192910911/ref=cm_cr_dp_d_show_all_top?ie=UTF8&reviewerType=all_reviews","Jayesh Thakur","A good read","6 February 2019","First of all ,book was delivered in 2 days as promised.As far as book is concern it is very good book to read  if you haven't read any motivational and self improving book. Author has stated adequate examples to prove his saying.All the qualities necessary for becoming successful are mentioned.However if your goal is to become rich,other books giving financial educational should be considered for buying.This book covers all the aspects of success in the life,not just becoming rich financially.","4.0 out of 5 stars","Next page→","https://www.amazon.in/Think-Grow-Rich-Napoleon-Hill/product-reviews/8192910911/ref=cm_cr_arp_d_paging_btm_3?ie=UTF8&pageNumber=3&reviewerType=all_reviews"
"1549822399-877","https://www.amazon.in/Think-Grow-Rich-Napoleon-Hill/product-reviews/8192910911/ref=cm_cr_dp_d_show_all_top?ie=UTF8&reviewerType=all_reviews","AzimD","Average","11 June 2018","The author of the book is saying you to develop desire,faith and other things to become rich however I found the book borring and stop in middlel. You can read RICH DAD POOR DAD which I strongly recommend as a better alternative.","3.0 out of 5 stars","Next page→","https://www.amazon.in/Think-Grow-Rich-Napoleon-Hill/product-reviews/8192910911/ref=cm_cr_arp_d_paging_btm_3?ie=UTF8&pageNumber=3&reviewerType=all_reviews"
"1549822421-897","https://www.amazon.in/Think-Grow-Rich-Napoleon-Hill/product-reviews/8192910911/ref=cm_cr_dp_d_show_all_top?ie=UTF8&reviewerType=all_reviews","Shashant Choudhary","Provides direction in life.","10 April 2018","One of the best books for those just starting out. It explains, in detail every aspect of human life; his mind, thoughts, actions and provides direction in life. How much better it would have been, if this book was made a part of schooling education.","5.0 out of 5 stars","Next page→","https://www.amazon.in/Think-Grow-Rich-Napoleon-Hill/product-reviews/8192910911/ref=cm_cr_arp_d_paging_btm_5?ie=UTF8&pageNumber=5&reviewerType=all_reviews"
"1549822458-936","https://www.amazon.in/Think-Grow-Rich-Napoleon-Hill/product-reviews/8192910911/ref=cm_cr_dp_d_show_all_top?ie=UTF8&reviewerType=all_reviews","bharath yadav","Great book","2 January 2019","Worth reading if one needs a pump to get the belief that it's not impossible to achieve heights if one is strongly deterred. Short stories each of which gives a trait or quality that is very important","5.0 out of 5 stars","Next page→","https://www.amazon.in/Think-Grow-Rich-Napoleon-Hill/product-reviews/8192910911/ref=cm_cr_arp_d_paging_btm_9?ie=UTF8&pageNumber=9&reviewerType=all_reviews"
"1549822382-858","https://www.amazon.in/Think-Grow-Rich-Napoleon-Hill/product-reviews/8192910911/ref=cm_cr_dp_d_show_all_top?ie=UTF8&reviewerType=all_reviews","Sachin Gowda","Must read","17 February 2018","It’s one of the best books I’ve ever read. People of all ages must read this book. Helps to become a better person and lead a happy life. If at all all suggestions mentioned in the book are followed a person can surely become successful and rich of course.","5.0 out of 5 stars","",""
"1549822467-947","https://www.amazon.in/Think-Grow-Rich-Napoleon-Hill/product-reviews/8192910911/ref=cm_cr_dp_d_show_all_top?ie=UTF8&reviewerType=all_reviews","Aman saini","Hard to follow..","5 December 2018","Book has many routines which may prove very hard to follow in life. All the focus of book is on how to earn money..","4.0 out of 5 stars","Next page→","https://www.amazon.in/Think-Grow-Rich-Napoleon-Hill/product-reviews/8192910911/ref=cm_cr_arp_d_paging_btm_10?ie=UTF8&pageNumber=10&reviewerType=all_reviews"
"1549822399-876","https://www.amazon.in/Think-Grow-Rich-Napoleon-Hill/product-reviews/8192910911/ref=cm_cr_dp_d_show_all_top?ie=UTF8&reviewerType=all_reviews","Amazon Customer","“Motivational guide for becoming rich”","12 January 2019","Very motivational book on acquiring wealth. Apart from some religious promotions, exaggeration of Declaration of Independence. This is much more useful guide, which explains the power of thoughts or an idea. Which had the power to change this world and had changed also by persistence efforts of some individuals in past.","5.0 out of 5 stars","Next page→","https://www.amazon.in/Think-Grow-Rich-Napoleon-Hill/product-reviews/8192910911/ref=cm_cr_arp_d_paging_btm_3?ie=UTF8&pageNumber=3&reviewerType=all_reviews"
"1549822427-910","https://www.amazon.in/Think-Grow-Rich-Napoleon-Hill/product-reviews/8192910911/ref=cm_cr_dp_d_show_all_top?ie=UTF8&reviewerType=all_reviews","Amazon Customer","... itself inspires you to think It gives you a perfect step by step formula how to climb the marvel ...","13 January 2018","No review need for this book title itself inspires you to think
It gives you a perfect step by step formula how to climb the marvel mountain in front of you and reach a level where you will meet every successful people.","5.0 out of 5 stars","Next page→","https://www.amazon.in/Think-Grow-Rich-Napoleon-Hill/product-reviews/8192910911/ref=cm_cr_arp_d_paging_btm_6?ie=UTF8&pageNumber=6&reviewerType=all_reviews"
"1549822395-861","https://www.amazon.in/Think-Grow-Rich-Napoleon-Hill/product-reviews/8192910911/ref=cm_cr_dp_d_show_all_top?ie=UTF8&reviewerType=all_reviews","Shalabh Sharma","Decent Read","27 June 2018","Definitely a good read. Will you a perspective on how to focus on becoming rich in a simple to understand language. Not a lengthy book so I finished the complete book in a weeks time.","4.0 out of 5 stars","Next page→","https://www.amazon.in/Think-Grow-Rich-Napoleon-Hill/product-reviews/8192910911/ref=cm_cr_arp_d_paging_btm_2?ie=UTF8&pageNumber=2&reviewerType=all_reviews"
"1549822458-935","https://www.amazon.in/Think-Grow-Rich-Napoleon-Hill/product-reviews/8192910911/ref=cm_cr_dp_d_show_all_top?ie=UTF8&reviewerType=all_reviews","Kindle Customer","Must read - highly motivating","15 December 2017","Superb reading. In between it may sound impractical but every word that is mentioned is true to the core. The key about this book is self belief and getting rid of negativities.... Amen !","5.0 out of 5 stars","Next page→","https://www.amazon.in/Think-Grow-Rich-Napoleon-Hill/product-reviews/8192910911/ref=cm_cr_arp_d_paging_btm_9?ie=UTF8&pageNumber=9&reviewerType=all_reviews"
"1549822427-904","https://www.amazon.in/Think-Grow-Rich-Napoleon-Hill/product-reviews/8192910911/ref=cm_cr_dp_d_show_all_top?ie=UTF8&reviewerType=all_reviews","Manoj K Ghoda","Clearing your doubts","7 December 2016","This book is for anyone who wants to succeed in life and is looking for ways to do it. It gives clear description of what is required and what to be avoided. Very well written and clears any hesitation in your mind","4.0 out of 5 stars","Next page→","https://www.amazon.in/Think-Grow-Rich-Napoleon-Hill/product-reviews/8192910911/ref=cm_cr_arp_d_paging_btm_6?ie=UTF8&pageNumber=6&reviewerType=all_reviews"
"1549822495-971","https://www.amazon.in/Think-Grow-Rich-Napoleon-Hill/product-reviews/8192910911/ref=cm_cr_dp_d_show_all_top?ie=UTF8&reviewerType=all_reviews","Cynthia Haller","A bit boring and incoherent","13 November 2018","I have read a lot of books that are about the Law of Attraction and the power of positive thinking. This one has nothing new in it, but has the distinction of being the first I really don't feel like reading after a few chapters.

It's written in a style that is messy, and totally incoherent, in fact, there were such inconsistency in the timeline and stories told that I ended up Googling Napoleon Hill, and learned that some of the people he claimed to have met with, including Carnegie were pure fiction, he never met with the guy, left alone being charged with a mission from him.

I learned that Hill was a con-man, and while I believe in the principles he attempt to teach in that book (read others in the same genre from different authors) I simply couldn't get in the flow of the very broken, anecdotal, narrative, and don't get me about the constant need to capitalise some words in the text, as if they are keywords that really matters.

You are better off reading the Secret, the Power and the Magic by Rhonda Byrne, and the Power of your subconscious mind by Dr Joseph Murphy and You are a Badass by Jen Sincero.
They all contain those same principles and teaching but in a writing style and narrative that is way easier to read, not to mention coherent.

The claim by Hill that you should read that book at least 3 times to reap in the benefit made me roll my eyes, because seriously who would read that boring and redundant book more than once?","2.0 out of 5 stars","Next page→","https://www.amazon.in/Think-Grow-Rich-Napoleon-Hill/product-reviews/8192910911/ref=cm_cr_arp_d_paging_btm_13?ie=UTF8&pageNumber=13&reviewerType=all_reviews"
"1549822445-926","https://www.amazon.in/Think-Grow-Rich-Napoleon-Hill/product-reviews/8192910911/ref=cm_cr_dp_d_show_all_top?ie=UTF8&reviewerType=all_reviews","RAja Velampalli","All business people should read this","4 February 2019","All business people should read this","5.0 out of 5 stars","Next page→","https://www.amazon.in/Think-Grow-Rich-Napoleon-Hill/product-reviews/8192910911/ref=cm_cr_arp_d_paging_btm_8?ie=UTF8&pageNumber=8&reviewerType=all_reviews"
"1549822485-967","https://www.amazon.in/Think-Grow-Rich-Napoleon-Hill/product-reviews/8192910911/ref=cm_cr_dp_d_show_all_top?ie=UTF8&reviewerType=all_reviews","Rajesh Kumar C","13 steps to riches!","8 January 2016","Every book has a contextual background in which it is written.  This book is set in the backdrop of The Great Depression of 1930s in the US, when morale of the business community and the general public were low and required a fresh thought process.  This is when research of Napolean Hill came in handy.  Nevertheless, those principles stood the test of time and stay relevant in times of trouble. Would recommend this book to anyone who feels an ebb in their life tide.","4.0 out of 5 stars","Next page→","https://www.amazon.in/Think-Grow-Rich-Napoleon-Hill/product-reviews/8192910911/ref=cm_cr_arp_d_paging_btm_12?ie=UTF8&pageNumber=12&reviewerType=all_reviews"
"1549822445-929","https://www.amazon.in/Think-Grow-Rich-Napoleon-Hill/product-reviews/8192910911/ref=cm_cr_dp_d_show_all_top?ie=UTF8&reviewerType=all_reviews","Akash Saraswat","Best book ever👌👌👌","6 July 2018","If you really wanna be Rich read this book, follow whatever is asked here and success will be yours. People who has big dreams must read this book. I suggest this book for every individual who is just hungry for money success and fame. Read it and change your life","5.0 out of 5 stars","Next page→","https://www.amazon.in/Think-Grow-Rich-Napoleon-Hill/product-reviews/8192910911/ref=cm_cr_arp_d_paging_btm_8?ie=UTF8&pageNumber=8&reviewerType=all_reviews"
"1549822485-966","https://www.amazon.in/Think-Grow-Rich-Napoleon-Hill/product-reviews/8192910911/ref=cm_cr_dp_d_show_all_top?ie=UTF8&reviewerType=all_reviews","Robin Kamboj","Thank you Napoleon Hill!","2 December 2018","A great book for a great price. 25 years of author's life went into the research that is put up in the book in simple layman's terms. A thumbs up from my side. Thank you Napoleon Hill.","5.0 out of 5 stars","Next page→","https://www.amazon.in/Think-Grow-Rich-Napoleon-Hill/product-reviews/8192910911/ref=cm_cr_arp_d_paging_btm_12?ie=UTF8&pageNumber=12&reviewerType=all_reviews"
"1549822485-961","https://www.amazon.in/Think-Grow-Rich-Napoleon-Hill/product-reviews/8192910911/ref=cm_cr_dp_d_show_all_top?ie=UTF8&reviewerType=all_reviews","Hiren","Unbeatble price. Must Buy","19 January 2018","Amazing price. Perfect packing and best quality of pages as per the price.","4.0 out of 5 stars","Next page→","https://www.amazon.in/Think-Grow-Rich-Napoleon-Hill/product-reviews/8192910911/ref=cm_cr_arp_d_paging_btm_12?ie=UTF8&pageNumber=12&reviewerType=all_reviews"
"1549822467-942","https://www.amazon.in/Think-Grow-Rich-Napoleon-Hill/product-reviews/8192910911/ref=cm_cr_dp_d_show_all_top?ie=UTF8&reviewerType=all_reviews","Vignesh","Read This and Grow Rich!","27 January 2019","It teaches everything about money. People should read this book before they turn 20 as it teachea great things which helps us to lead a great life.","5.0 out of 5 stars","Next page→","https://www.amazon.in/Think-Grow-Rich-Napoleon-Hill/product-reviews/8192910911/ref=cm_cr_arp_d_paging_btm_10?ie=UTF8&pageNumber=10&reviewerType=all_reviews"
"1549822382-852","https://www.amazon.in/Think-Grow-Rich-Napoleon-Hill/product-reviews/8192910911/ref=cm_cr_dp_d_show_all_top?ie=UTF8&reviewerType=all_reviews","Amazon Customer","Extremely helpful in handlling CRITICISM and how to move on.....","16 July 2018","When you face criticism in your life try to turn the pages in this book you will find some way to cope it up and move on in your destination in whatever sector you are working in. It helped me a lot only by reading few pages as I have not completed this book. One thing is pretty much sure about this book is that if you want to make your dream come true then you must be PRACTICAL otherwise it will be in your WISH LIST and will never fulfill your desire.","5.0 out of 5 stars","",""
"1549822485-970","https://www.amazon.in/Think-Grow-Rich-Napoleon-Hill/product-reviews/8192910911/ref=cm_cr_dp_d_show_all_top?ie=UTF8&reviewerType=all_reviews","huzaifa","power of dub conscious mind and rich dad poor dad. Book quality was fine","11 May 2018","if you are a beginner, don't know what to read start from this. For me it reminded me Power of positive doing, power of dub conscious mind and rich dad poor dad. Book quality was fine, moreover this book could change your life!","5.0 out of 5 stars","Next page→","https://www.amazon.in/Think-Grow-Rich-Napoleon-Hill/product-reviews/8192910911/ref=cm_cr_arp_d_paging_btm_12?ie=UTF8&pageNumber=12&reviewerType=all_reviews"
"1549822435-914","https://www.amazon.in/Think-Grow-Rich-Napoleon-Hill/product-reviews/8192910911/ref=cm_cr_dp_d_show_all_top?ie=UTF8&reviewerType=all_reviews","Kasturi","Want to fly high, and get rid of your fruitless life? READ THIS","30 December 2018","In the depth of depression? This book will carry you to the heights. No, they won't tell you about some secret mantras. Merely stories of some courageous men who went on to be successful. But while reading the book, it will somehow make you one of the most confident person on earth. This is a guarantee!!","5.0 out of 5 stars","Next page→","https://www.amazon.in/Think-Grow-Rich-Napoleon-Hill/product-reviews/8192910911/ref=cm_cr_arp_d_paging_btm_7?ie=UTF8&pageNumber=7&reviewerType=all_reviews"
"1549822382-857","https://www.amazon.in/Think-Grow-Rich-Napoleon-Hill/product-reviews/8192910911/ref=cm_cr_dp_d_show_all_top?ie=UTF8&reviewerType=all_reviews","Naveen Sharma","Not this one!","6 October 2018","Don't read reviews. If you want to get reach, get the book of Jaico publication. Penguins is a good publication, in fact, I have a lot many books of this publication. But, in the case of Think and Grow Rich, Jaico beats everything.","1.0 out of 5 stars","",""
"1549822427-901","https://www.amazon.in/Think-Grow-Rich-Napoleon-Hill/product-reviews/8192910911/ref=cm_cr_dp_d_show_all_top?ie=UTF8&reviewerType=all_reviews","Mahipal Singh Rawat","Great book.","17 November 2018","Such books are gem. These should be with you to teach you. You can gift these. These books are great and evergreen books to be followed anytime independent of time and circumstances. The teachings in these books are timeless.","5.0 out of 5 stars","Next page→","https://www.amazon.in/Think-Grow-Rich-Napoleon-Hill/product-reviews/8192910911/ref=cm_cr_arp_d_paging_btm_6?ie=UTF8&pageNumber=6&reviewerType=all_reviews"
"1549822382-856","https://www.amazon.in/Think-Grow-Rich-Napoleon-Hill/product-reviews/8192910911/ref=cm_cr_dp_d_show_all_top?ie=UTF8&reviewerType=all_reviews","Shubham Padwal","A worth reading book made unreadable because of poor quality pages","12 August 2018","This is a review of Think and Grow Rich (Penguin Random House, Repro Distributor).
Flaws:
1. Page quality is below average. Even newspapers use better quality of papers.
2. The distributor seems to offer the product at so low price by compromising on the quality of pages used in the book.","1.0 out of 5 stars","",""
"1549822458-934","https://www.amazon.in/Think-Grow-Rich-Napoleon-Hill/product-reviews/8192910911/ref=cm_cr_dp_d_show_all_top?ie=UTF8&reviewerType=all_reviews","Ravinder Singh Rathore","Wonderful writing skills....i would say it builds the base for any kind of success se want to achieve in life.","4 September 2017","It helps ppl to build positive mind sets. Thought this philosophy ppl can achieve anything not the money only. In my opinion But it lacks in explaining the true purpose of life.","4.0 out of 5 stars","Next page→","https://www.amazon.in/Think-Grow-Rich-Napoleon-Hill/product-reviews/8192910911/ref=cm_cr_arp_d_paging_btm_9?ie=UTF8&pageNumber=9&reviewerType=all_reviews"
"1549822467-943","https://www.amazon.in/Think-Grow-Rich-Napoleon-Hill/product-reviews/8192910911/ref=cm_cr_dp_d_show_all_top?ie=UTF8&reviewerType=all_reviews","SURESH CHANDAKA","now i am super rich.","8 June 2018","one day while i was busy begging, one man whom i begged gave this. and i thought i could beg twice as much. now i am super rich.","5.0 out of 5 stars","Next page→","https://www.amazon.in/Think-Grow-Rich-Napoleon-Hill/product-reviews/8192910911/ref=cm_cr_arp_d_paging_btm_10?ie=UTF8&pageNumber=10&reviewerType=all_reviews"
"1549822467-949","https://www.amazon.in/Think-Grow-Rich-Napoleon-Hill/product-reviews/8192910911/ref=cm_cr_dp_d_show_all_top?ie=UTF8&reviewerType=all_reviews","Danny","Buy Classic Original Edition","27 December 2016","Great book, I bought Classic Edition :) , Which is a great thing, Finger print classics are great publishers :)

Classic Edition  -  http://www.amazon.in/Think-Grow-Rich-Napoleon-Hill/dp/817234564X/ref=sr_1_3?ie=UTF8&qid=1482850917&sr=8-3&keywords=think+and+grow+rich","5.0 out of 5 stars","Next page→","https://www.amazon.in/Think-Grow-Rich-Napoleon-Hill/product-reviews/8192910911/ref=cm_cr_arp_d_paging_btm_10?ie=UTF8&pageNumber=10&reviewerType=all_reviews"
"1549822435-915","https://www.amazon.in/Think-Grow-Rich-Napoleon-Hill/product-reviews/8192910911/ref=cm_cr_dp_d_show_all_top?ie=UTF8&reviewerType=all_reviews","suman3vikram","Trash","23 December 2018","Don't even buy books by watching top reviews . I'm one of those you who ordered by positive reviews. 60 pages finished and I don't have any interest to read all the pages now . Worst buy till now . Would like to gift this book to my enemy now...","1.0 out of 5 stars","Next page→","https://www.amazon.in/Think-Grow-Rich-Napoleon-Hill/product-reviews/8192910911/ref=cm_cr_arp_d_paging_btm_7?ie=UTF8&pageNumber=7&reviewerType=all_reviews"
"1549822476-958","https://www.amazon.in/Think-Grow-Rich-Napoleon-Hill/product-reviews/8192910911/ref=cm_cr_dp_d_show_all_top?ie=UTF8&reviewerType=all_reviews","Akash Sood","Gave a new insight for becoming rich","8 April 2018","The book deals more about the psychological aspect of growing rich. These fundamental concepts can be applied elsewhere too. I found some parts of the book repetitive.","3.0 out of 5 stars","Next page→","https://www.amazon.in/Think-Grow-Rich-Napoleon-Hill/product-reviews/8192910911/ref=cm_cr_arp_d_paging_btm_11?ie=UTF8&pageNumber=11&reviewerType=all_reviews"
"1549822382-855","https://www.amazon.in/Think-Grow-Rich-Napoleon-Hill/product-reviews/8192910911/ref=cm_cr_dp_d_show_all_top?ie=UTF8&reviewerType=all_reviews","Gourab Deb","Mindbowling and outstanding","18 January 2018","If you change your lifestyle via a self help book then that's it.Nicely written and the theories to become a rich to truly rich in the world are amazing.Go for it in your life once.","5.0 out of 5 stars","",""
"1549822395-864","https://www.amazon.in/Think-Grow-Rich-Napoleon-Hill/product-reviews/8192910911/ref=cm_cr_dp_d_show_all_top?ie=UTF8&reviewerType=all_reviews","S.Thomas","The Tilte Says It ALL! Amzing Book!","22 November 2016","Another amazing book! If you have read ""The Secret"" then you can resemble so many things plus you can understand in a better way what the Author is trying to say and want you to do!
If you are looking for personal growth and being wealthy (of course) then it's recommended!
BUT you need to take action and implement things in order to accomplish your goals, which you have set before reading this book.","5.0 out of 5 stars","Next page→","https://www.amazon.in/Think-Grow-Rich-Napoleon-Hill/product-reviews/8192910911/ref=cm_cr_arp_d_paging_btm_2?ie=UTF8&pageNumber=2&reviewerType=all_reviews"
"1549822421-899","https://www.amazon.in/Think-Grow-Rich-Napoleon-Hill/product-reviews/8192910911/ref=cm_cr_dp_d_show_all_top?ie=UTF8&reviewerType=all_reviews","Amazon Customer","but some of the ideas have really changed the way I think and I love the book for that","30 January 2018","I don't know how far these things work, but some of the ideas have really changed the way I think and I love the book for that!","5.0 out of 5 stars","Next page→","https://www.amazon.in/Think-Grow-Rich-Napoleon-Hill/product-reviews/8192910911/ref=cm_cr_arp_d_paging_btm_5?ie=UTF8&pageNumber=5&reviewerType=all_reviews"
"1549822476-951","https://www.amazon.in/Think-Grow-Rich-Napoleon-Hill/product-reviews/8192910911/ref=cm_cr_dp_d_show_all_top?ie=UTF8&reviewerType=all_reviews","Don Kenny","I am not with the appearance of the book but the content is great.","5 September 2016","This book is not the original copy but....I'm not give it any review or less stars but, you should buy this copy. Nice sayings and good presentation by the author. I really like this book. and good fast delivery  by amazon... #hatsoff

Customers please buy this book only to get some knowledge (there ain't any shortcuts to get easy money in this book). But the pages are not good  though...if you seeing this review , no doubt to press that ADD TO CART.","5.0 out of 5 stars","Next page→","https://www.amazon.in/Think-Grow-Rich-Napoleon-Hill/product-reviews/8192910911/ref=cm_cr_arp_d_paging_btm_11?ie=UTF8&pageNumber=11&reviewerType=all_reviews"
"1549822445-924","https://www.amazon.in/Think-Grow-Rich-Napoleon-Hill/product-reviews/8192910911/ref=cm_cr_dp_d_show_all_top?ie=UTF8&reviewerType=all_reviews","Amazon Customer","Motivational!","7 February 2017","The book is a great help to identify your qualities that help you make successful. One should spare out time not only to read it but also introspect with the concepts explained in the book.

The only problem with the book is that it is based in the Recession of 1930s, a lot of facts/concepts could have changed/known with time.

Some of the concepts explained look a bit impossible to me but the author confesses that they would seem so but only practice can help you believe them.","4.0 out of 5 stars","Next page→","https://www.amazon.in/Think-Grow-Rich-Napoleon-Hill/product-reviews/8192910911/ref=cm_cr_arp_d_paging_btm_8?ie=UTF8&pageNumber=8&reviewerType=all_reviews"
"1549822476-952","https://www.amazon.in/Think-Grow-Rich-Napoleon-Hill/product-reviews/8192910911/ref=cm_cr_dp_d_show_all_top?ie=UTF8&reviewerType=all_reviews","Afiya","Good","20 November 2018","The book paper  quality has been great butthebooks last 50pages cutting-edge was poor. That is why I give three star","3.0 out of 5 stars","Next page→","https://www.amazon.in/Think-Grow-Rich-Napoleon-Hill/product-reviews/8192910911/ref=cm_cr_arp_d_paging_btm_11?ie=UTF8&pageNumber=11&reviewerType=all_reviews"
"1549822467-941","https://www.amazon.in/Think-Grow-Rich-Napoleon-Hill/product-reviews/8192910911/ref=cm_cr_dp_d_show_all_top?ie=UTF8&reviewerType=all_reviews","Atul Krishna Singh","Wonderful!  Book.","24 September 2016","Think and Grow really appreciate to writer great book written by Napoleon Hill.  I m really like this book cover and design the Pages quality was too good and print was excellent.Thanku Amazon for great service.","5.0 out of 5 stars","Next page→","https://www.amazon.in/Think-Grow-Rich-Napoleon-Hill/product-reviews/8192910911/ref=cm_cr_arp_d_paging_btm_10?ie=UTF8&pageNumber=10&reviewerType=all_reviews"
"1549822476-957","https://www.amazon.in/Think-Grow-Rich-Napoleon-Hill/product-reviews/8192910911/ref=cm_cr_dp_d_show_all_top?ie=UTF8&reviewerType=all_reviews","Mk","Five Stars","5 May 2017","I start reading the book and , interesting a book that can bit any problem if you apply the principle in the correct way.","5.0 out of 5 stars","Next page→","https://www.amazon.in/Think-Grow-Rich-Napoleon-Hill/product-reviews/8192910911/ref=cm_cr_arp_d_paging_btm_11?ie=UTF8&pageNumber=11&reviewerType=all_reviews"
"1549822435-919","https://www.amazon.in/Think-Grow-Rich-Napoleon-Hill/product-reviews/8192910911/ref=cm_cr_dp_d_show_all_top?ie=UTF8&reviewerType=all_reviews","Amazon Customer","Good book","2 September 2018","Author has pen down his thoughts about the present scenarios of people thoughts and addressing these negative thoughts so that anyone can achieve there own success.
Main idea is no one is there to get you rich the only person who can be with you till the end is ""you"" only. It is the responsibility of you to raise above the ashes","5.0 out of 5 stars","Next page→","https://www.amazon.in/Think-Grow-Rich-Napoleon-Hill/product-reviews/8192910911/ref=cm_cr_arp_d_paging_btm_7?ie=UTF8&pageNumber=7&reviewerType=all_reviews"
"1549822445-922","https://www.amazon.in/Think-Grow-Rich-Napoleon-Hill/product-reviews/8192910911/ref=cm_cr_dp_d_show_all_top?ie=UTF8&reviewerType=all_reviews","Reshmi C.","Amazon should never stop selling books!!!!😊😘","19 December 2018","Finally I got my hands on it. I am already in love with this book. It is like a diary. A life long manual. And quality was just awesome. Packing was perfect. And content just can not be bad. After all it is favorite of all giants... ❤❤❤❤","5.0 out of 5 stars","Next page→","https://www.amazon.in/Think-Grow-Rich-Napoleon-Hill/product-reviews/8192910911/ref=cm_cr_arp_d_paging_btm_8?ie=UTF8&pageNumber=8&reviewerType=all_reviews"
"1549822435-920","https://www.amazon.in/Think-Grow-Rich-Napoleon-Hill/product-reviews/8192910911/ref=cm_cr_dp_d_show_all_top?ie=UTF8&reviewerType=all_reviews","Sandeep Ravula","What a book!","26 December 2018","Hoghly motivational with its firm words that liberate our mind and soul with tons of positivity and enthusiasm towards tough times.","5.0 out of 5 stars","Next page→","https://www.amazon.in/Think-Grow-Rich-Napoleon-Hill/product-reviews/8192910911/ref=cm_cr_arp_d_paging_btm_7?ie=UTF8&pageNumber=7&reviewerType=all_reviews"
"1549822406-890","https://www.amazon.in/Think-Grow-Rich-Napoleon-Hill/product-reviews/8192910911/ref=cm_cr_dp_d_show_all_top?ie=UTF8&reviewerType=all_reviews","Ratnadeep Ghosh","Thank you","19 July 2018","Book is awesome.... Product is awesome....
Satisfied.... Priceless.... Author elaborate each and every chapter nicely but sometimes get bored due to repetition but I think it is done intentionally so that reader get used to the fact.... After reading the first chapter feel really positive.... thank you Amazon, thank you author. Only one book is enough for growth.... And this is the book for growth....","5.0 out of 5 stars","Next page→","https://www.amazon.in/Think-Grow-Rich-Napoleon-Hill/product-reviews/8192910911/ref=cm_cr_arp_d_paging_btm_4?ie=UTF8&pageNumber=4&reviewerType=all_reviews"
"1549822421-891","https://www.amazon.in/Think-Grow-Rich-Napoleon-Hill/product-reviews/8192910911/ref=cm_cr_dp_d_show_all_top?ie=UTF8&reviewerType=all_reviews","Amazon Customer","paperback quality was satisfactory...content is OK","9 August 2018","Quality is satisfactory for the price. But the content is little boring. It failed to keep reader engrossed. So overall OK.","3.0 out of 5 stars","Next page→","https://www.amazon.in/Think-Grow-Rich-Napoleon-Hill/product-reviews/8192910911/ref=cm_cr_arp_d_paging_btm_5?ie=UTF8&pageNumber=5&reviewerType=all_reviews"
"1549822458-932","https://www.amazon.in/Think-Grow-Rich-Napoleon-Hill/product-reviews/8192910911/ref=cm_cr_dp_d_show_all_top?ie=UTF8&reviewerType=all_reviews","Abhishek Kumar Meel","If you wanna be Rich, then read this.","28 February 2018","Amazing book. Must buy one and the style of conveying things is great. Yes the words used in this book are good one can easy understand. So yes if you are looking for some self-help book then I must recon this.","5.0 out of 5 stars","Next page→","https://www.amazon.in/Think-Grow-Rich-Napoleon-Hill/product-reviews/8192910911/ref=cm_cr_arp_d_paging_btm_9?ie=UTF8&pageNumber=9&reviewerType=all_reviews"
"1549822445-923","https://www.amazon.in/Think-Grow-Rich-Napoleon-Hill/product-reviews/8192910911/ref=cm_cr_dp_d_show_all_top?ie=UTF8&reviewerType=all_reviews","Yash Negi","Book","4 July 2018","It is good only take this book from Amazon it offers a great discount. This book is for everyone but not everyone will understand neither I if someone is hardly wanted to get rich and ready for to applely the principles in their life then surely go for it.....","5.0 out of 5 stars","Next page→","https://www.amazon.in/Think-Grow-Rich-Napoleon-Hill/product-reviews/8192910911/ref=cm_cr_arp_d_paging_btm_8?ie=UTF8&pageNumber=8&reviewerType=all_reviews"
"1549822435-916","https://www.amazon.in/Think-Grow-Rich-Napoleon-Hill/product-reviews/8192910911/ref=cm_cr_dp_d_show_all_top?ie=UTF8&reviewerType=all_reviews","gr","Very very good read. The book is engaging and the astounding ...","8 February 2018","This is the first book i read after any text books from school/college/professional studies. Very very good read. The book is engaging and the astounding part is that this has been written way back. i surely recommend to read this to any age group. trust me you will enjoy every moment in the book. Amazon delivery rocks as usual.","5.0 out of 5 stars","Next page→","https://www.amazon.in/Think-Grow-Rich-Napoleon-Hill/product-reviews/8192910911/ref=cm_cr_arp_d_paging_btm_7?ie=UTF8&pageNumber=7&reviewerType=all_reviews"
"1549822421-893","https://www.amazon.in/Think-Grow-Rich-Napoleon-Hill/product-reviews/8192910911/ref=cm_cr_dp_d_show_all_top?ie=UTF8&reviewerType=all_reviews","Dinker Chaudhary","A great book For Opening your Mind","4 February 2019","Think and grow rich is a great book for those people who need to open their mind to outside world. It will lead you to think out of the box. I will recommend this book to everyone from young age to adults.","5.0 out of 5 stars","Next page→","https://www.amazon.in/Think-Grow-Rich-Napoleon-Hill/product-reviews/8192910911/ref=cm_cr_arp_d_paging_btm_5?ie=UTF8&pageNumber=5&reviewerType=all_reviews"
"1549822395-866","https://www.amazon.in/Think-Grow-Rich-Napoleon-Hill/product-reviews/8192910911/ref=cm_cr_dp_d_show_all_top?ie=UTF8&reviewerType=all_reviews","Sudhanshu Shekher","Good book","13 May 2018","It's a good book and almost a must read for all, except a few pages here and there where the examples are too much from the history and stories of people of whom very few outside or even in America would know of. But it's a great book nonetheless with ideas and philosophies that are still as relevant as they were back when the book was written.","4.0 out of 5 stars","Next page→","https://www.amazon.in/Think-Grow-Rich-Napoleon-Hill/product-reviews/8192910911/ref=cm_cr_arp_d_paging_btm_2?ie=UTF8&pageNumber=2&reviewerType=all_reviews"
"1549822406-885","https://www.amazon.in/Think-Grow-Rich-Napoleon-Hill/product-reviews/8192910911/ref=cm_cr_dp_d_show_all_top?ie=UTF8&reviewerType=all_reviews","RIZWAN SHAIKH","Must Read.","19 September 2018","This book is a must read for anyone and everyone who wants to succeed in life. It's kinda old school but the principles are flawless.
What I like most about it is, this book is one of the few books I’ve read many times and everytime it's effective in eliciting both reflection and action on the part of the reader.
To be sincere it's kinda boring; but once you get a good catch you can understand all the astonishing facts and master your subconscious to achieve all your goals.","5.0 out of 5 stars","Next page→","https://www.amazon.in/Think-Grow-Rich-Napoleon-Hill/product-reviews/8192910911/ref=cm_cr_arp_d_paging_btm_4?ie=UTF8&pageNumber=4&reviewerType=all_reviews"
"1549822467-946","https://www.amazon.in/Think-Grow-Rich-Napoleon-Hill/product-reviews/8192910911/ref=cm_cr_dp_d_show_all_top?ie=UTF8&reviewerType=all_reviews","Rabinarayan Hotta","The Best Book","3 August 2016","A must read for those who want to be rich in a broader sense. Packaging was good, delivery was in time and book was brand new. Thanks to Amazon. Now I can purchase any book at the comfort of my home in a remote area like mine.","5.0 out of 5 stars","Next page→","https://www.amazon.in/Think-Grow-Rich-Napoleon-Hill/product-reviews/8192910911/ref=cm_cr_arp_d_paging_btm_10?ie=UTF8&pageNumber=10&reviewerType=all_reviews"
"1549822435-913","https://www.amazon.in/Think-Grow-Rich-Napoleon-Hill/product-reviews/8192910911/ref=cm_cr_dp_d_show_all_top?ie=UTF8&reviewerType=all_reviews","Vaibhav Sharma","Best Self-help book.","24 October 2017","This is one of the best Self-help Book known, one should buy it if they are looking for way and motivation towards ""How to make Money"" but one must have to read it atleast two to three times to get better understanding and results.
Although it will help you for sure but it is mostly concerned with America and Americans.
There are some minor mistakes in a few pages but the packaging and paper quality is good for the price.","4.0 out of 5 stars","Next page→","https://www.amazon.in/Think-Grow-Rich-Napoleon-Hill/product-reviews/8192910911/ref=cm_cr_arp_d_paging_btm_7?ie=UTF8&pageNumber=7&reviewerType=all_reviews"
"1549822435-918","https://www.amazon.in/Think-Grow-Rich-Napoleon-Hill/product-reviews/8192910911/ref=cm_cr_dp_d_show_all_top?ie=UTF8&reviewerType=all_reviews","Randhir","The HOW of everything in achieving success - Deserves 100 stars rating","30 April 2014","This book is so powerfull that even if you keep reading multiple times continously you will achieve success. It details every thing of What and How of achieveing success in any field you are. A step by step process to achieve success follow it and you achieved it. If you are struggling to be successfull and not able to then read this book as many times you can and SURELY you will hit bulls eye of your sucess. Its the First and Last book needed by everyone.","5.0 out of 5 stars","Next page→","https://www.amazon.in/Think-Grow-Rich-Napoleon-Hill/product-reviews/8192910911/ref=cm_cr_arp_d_paging_btm_7?ie=UTF8&pageNumber=7&reviewerType=all_reviews"
"1549822399-880","https://www.amazon.in/Think-Grow-Rich-Napoleon-Hill/product-reviews/8192910911/ref=cm_cr_dp_d_show_all_top?ie=UTF8&reviewerType=all_reviews","D Stark","LIFE CHANGING..","15 October 2018","Believe it or not, I used the ideas and teachings of this book to achieve many things that i couldn't before. Go for it this book is worth it.... With just being read 80 pages of the book and applying all the ideas consistently i started gaining things that i wanted.","5.0 out of 5 stars","Next page→","https://www.amazon.in/Think-Grow-Rich-Napoleon-Hill/product-reviews/8192910911/ref=cm_cr_arp_d_paging_btm_3?ie=UTF8&pageNumber=3&reviewerType=all_reviews"
"1549822458-938","https://www.amazon.in/Think-Grow-Rich-Napoleon-Hill/product-reviews/8192910911/ref=cm_cr_dp_d_show_all_top?ie=UTF8&reviewerType=all_reviews","manish","Highly Recommended!!","24 April 2018","Whether you want to be a billionaire or just pay your bills in time, this book is a must read. More than money management it's a bible on controlling your thoughts and actions. Highly recommended !!","5.0 out of 5 stars","Next page→","https://www.amazon.in/Think-Grow-Rich-Napoleon-Hill/product-reviews/8192910911/ref=cm_cr_arp_d_paging_btm_9?ie=UTF8&pageNumber=9&reviewerType=all_reviews"
"1549822427-909","https://www.amazon.in/Think-Grow-Rich-Napoleon-Hill/product-reviews/8192910911/ref=cm_cr_dp_d_show_all_top?ie=UTF8&reviewerType=all_reviews","Vivek Paul","Elon Musk : "" I read books ""","19 April 2018","Elon how do you know so much about rockets ?
Elon Musk : ""Oh ! Umm , I just read a lot of book"".
If he can he learn rocket science from just books can't we take some common knowledge from years of research. Definitely he is not an alien (probably not). And it's a book that almost everyone know about so should give a try.","5.0 out of 5 stars","Next page→","https://www.amazon.in/Think-Grow-Rich-Napoleon-Hill/product-reviews/8192910911/ref=cm_cr_arp_d_paging_btm_6?ie=UTF8&pageNumber=6&reviewerType=all_reviews"
"1549822406-889","https://www.amazon.in/Think-Grow-Rich-Napoleon-Hill/product-reviews/8192910911/ref=cm_cr_dp_d_show_all_top?ie=UTF8&reviewerType=all_reviews","Gajanan JUnankar","Don't buy !! Not genuine !!!","26 September 2018","It's not a genuine version!!! Most of the original text is missing !!!
Buy only of Napoleon Hill Foundation","1.0 out of 5 stars","Next page→","https://www.amazon.in/Think-Grow-Rich-Napoleon-Hill/product-reviews/8192910911/ref=cm_cr_arp_d_paging_btm_4?ie=UTF8&pageNumber=4&reviewerType=all_reviews"
"1549822485-962","https://www.amazon.in/Think-Grow-Rich-Napoleon-Hill/product-reviews/8192910911/ref=cm_cr_dp_d_show_all_top?ie=UTF8&reviewerType=all_reviews","vipin rana","Really amazing to get this book at this price.","2 June 2018","This book will definitely change your perception... about ur lyf ur dreams ur goals...what u want and what u really need... definitely go for it don't think too much abt buying it or not....if u want to read it jxt read it don't think about pros and cons....I jxt wish u happiness in ur lyf...","5.0 out of 5 stars","Next page→","https://www.amazon.in/Think-Grow-Rich-Napoleon-Hill/product-reviews/8192910911/ref=cm_cr_arp_d_paging_btm_12?ie=UTF8&pageNumber=12&reviewerType=all_reviews"
"1549822445-921","https://www.amazon.in/Think-Grow-Rich-Napoleon-Hill/product-reviews/8192910911/ref=cm_cr_dp_d_show_all_top?ie=UTF8&reviewerType=all_reviews","Dhaval Chauhan","Quality product .....","27 September 2017","I think pages of this book are recycled one because of that we can get such quality books free of cost in terms of knowledge that it contain.","5.0 out of 5 stars","Next page→","https://www.amazon.in/Think-Grow-Rich-Napoleon-Hill/product-reviews/8192910911/ref=cm_cr_arp_d_paging_btm_8?ie=UTF8&pageNumber=8&reviewerType=all_reviews"
"1549822476-953","https://www.amazon.in/Think-Grow-Rich-Napoleon-Hill/product-reviews/8192910911/ref=cm_cr_dp_d_show_all_top?ie=UTF8&reviewerType=all_reviews","Tathagata Mondal","Terribly edited book","11 June 2015","Terribly edited book. If you really want to buy this book then it'd be better if you buy the original one.

Most of the scientific stuff that the author describes are either outdated or wrong. Other than that it is a pretty good self-help book.","2.0 out of 5 stars","Next page→","https://www.amazon.in/Think-Grow-Rich-Napoleon-Hill/product-reviews/8192910911/ref=cm_cr_arp_d_paging_btm_11?ie=UTF8&pageNumber=11&reviewerType=all_reviews"
"1549822458-931","https://www.amazon.in/Think-Grow-Rich-Napoleon-Hill/product-reviews/8192910911/ref=cm_cr_dp_d_show_all_top?ie=UTF8&reviewerType=all_reviews","Baddy","You can't better inspring book than this!!!!","11 February 2018","I don't have an definite aim before this book... I don't have any thought to achieve something.... This book made me to achieve and not just an idea but shows the process to earn money.... Amazing.....","5.0 out of 5 stars","Next page→","https://www.amazon.in/Think-Grow-Rich-Napoleon-Hill/product-reviews/8192910911/ref=cm_cr_arp_d_paging_btm_9?ie=UTF8&pageNumber=9&reviewerType=all_reviews"
"1549822421-898","https://www.amazon.in/Think-Grow-Rich-Napoleon-Hill/product-reviews/8192910911/ref=cm_cr_dp_d_show_all_top?ie=UTF8&reviewerType=all_reviews","Avi","Terrible formatting!","23 September 2018","This rating is for terrible formatting of the kindle book. Inconsistent headers, bullets and lists makes it very difficult to grasp main points the author is making. You'll end up turning pages multiple times to figure out the section/headers and flow of the content.

The book itself however doesn't need any introduction. Its terrific.","1.0 out of 5 stars","Next page→","https://www.amazon.in/Think-Grow-Rich-Napoleon-Hill/product-reviews/8192910911/ref=cm_cr_arp_d_paging_btm_5?ie=UTF8&pageNumber=5&reviewerType=all_reviews"
"1549822485-963","https://www.amazon.in/Think-Grow-Rich-Napoleon-Hill/product-reviews/8192910911/ref=cm_cr_dp_d_show_all_top?ie=UTF8&reviewerType=all_reviews","Sunny","Read to change","30 November 2017","On should read such an excellent book, it really changes the attitude of person","5.0 out of 5 stars","Next page→","https://www.amazon.in/Think-Grow-Rich-Napoleon-Hill/product-reviews/8192910911/ref=cm_cr_arp_d_paging_btm_12?ie=UTF8&pageNumber=12&reviewerType=all_reviews"
"1549822406-886","https://www.amazon.in/Think-Grow-Rich-Napoleon-Hill/product-reviews/8192910911/ref=cm_cr_dp_d_show_all_top?ie=UTF8&reviewerType=all_reviews","Nazia Iqbal","Must read","5 January 2019","This book is a masterpiece that makes you travel back to the time with it's stories and helps collect the treasure and make you learn bringing back to the current time","5.0 out of 5 stars","Next page→","https://www.amazon.in/Think-Grow-Rich-Napoleon-Hill/product-reviews/8192910911/ref=cm_cr_arp_d_paging_btm_4?ie=UTF8&pageNumber=4&reviewerType=all_reviews"
"1549822435-917","https://www.amazon.in/Think-Grow-Rich-Napoleon-Hill/product-reviews/8192910911/ref=cm_cr_dp_d_show_all_top?ie=UTF8&reviewerType=all_reviews","Amazon Customer","Best for the price tag.  100% can be suggested to everyone","30 January 2017","The book is amazing . I love to read the works from Napoleon Hill. The book is worth the money you are paying I paid just 75 RS .. and for that price this is a great product. I searched in many places for this book. I got it on Amazon. Definitely it is worth the price. I can suggest this book for anyone . The quality of the book is okay and more than what we pay it for.","5.0 out of 5 stars","Next page→","https://www.amazon.in/Think-Grow-Rich-Napoleon-Hill/product-reviews/8192910911/ref=cm_cr_arp_d_paging_btm_7?ie=UTF8&pageNumber=7&reviewerType=all_reviews"
"1549822495-972","https://www.amazon.in/Think-Grow-Rich-Napoleon-Hill/product-reviews/8192910911/ref=cm_cr_dp_d_show_all_top?ie=UTF8&reviewerType=all_reviews","","","","","","null","https://www.amazon.in/Think-Grow-Rich-Napoleon-Hill/product-reviews/8192910911/ref=cm_cr_arp_d_paging_btm_13?ie=UTF8&pageNumber=13&reviewerType=all_reviews"
"1549822406-888","https://www.amazon.in/Think-Grow-Rich-Napoleon-Hill/product-reviews/8192910911/ref=cm_cr_dp_d_show_all_top?ie=UTF8&reviewerType=all_reviews","purushotham","overrated book.its not very outstanding but ok. buy if your new to self help section","4 February 2015","this book has very lot of examples all from USA. there is chapter on sex which really sounded odd.and if you saw secret movie and know about bob proctor and brain tracy they have cover the same things in youtube videos. if you watch them may save your time.
i am not talking a about religion.but if you want best self help book read bhagavad gita.","3.0 out of 5 stars","Next page→","https://www.amazon.in/Think-Grow-Rich-Napoleon-Hill/product-reviews/8192910911/ref=cm_cr_arp_d_paging_btm_4?ie=UTF8&pageNumber=4&reviewerType=all_reviews"
"1549822427-905","https://www.amazon.in/Think-Grow-Rich-Napoleon-Hill/product-reviews/8192910911/ref=cm_cr_dp_d_show_all_top?ie=UTF8&reviewerType=all_reviews","kshitija.a.sadhankar","Another of best books.","26 October 2018","This book teaches you to think rather channelises your thinking and all your positive energy and vibes. It basically stresses on how can thinking make you rich(not literally) means brainly or class efficient. Impostance of thinking and reasoning out is highlighted. Good for Gyàna yógìs.","5.0 out of 5 stars","Next page→","https://www.amazon.in/Think-Grow-Rich-Napoleon-Hill/product-reviews/8192910911/ref=cm_cr_arp_d_paging_btm_6?ie=UTF8&pageNumber=6&reviewerType=all_reviews"
"1549822399-871","https://www.amazon.in/Think-Grow-Rich-Napoleon-Hill/product-reviews/8192910911/ref=cm_cr_dp_d_show_all_top?ie=UTF8&reviewerType=all_reviews","Jahid Anowar","Awesome Book","13 September 2018","Very useful book.. i haven't complete the book yet .. but this book is awesome.","5.0 out of 5 stars","Next page→","https://www.amazon.in/Think-Grow-Rich-Napoleon-Hill/product-reviews/8192910911/ref=cm_cr_arp_d_paging_btm_3?ie=UTF8&pageNumber=3&reviewerType=all_reviews"
"1549822399-872","https://www.amazon.in/Think-Grow-Rich-Napoleon-Hill/product-reviews/8192910911/ref=cm_cr_dp_d_show_all_top?ie=UTF8&reviewerType=all_reviews","Amit Chauhan","Good but repetitive","28 April 2018","I finished reading ""Magic of thinking BIG"" and started with this. I see a clear difference. After about 70-75 pages, the book has become very repetitive and I am losing interest. Holding on it, let see if I can keep the enthusiasm to complete it.","3.0 out of 5 stars","Next page→","https://www.amazon.in/Think-Grow-Rich-Napoleon-Hill/product-reviews/8192910911/ref=cm_cr_arp_d_paging_btm_3?ie=UTF8&pageNumber=3&reviewerType=all_reviews"
"1549822421-895","https://www.amazon.in/Think-Grow-Rich-Napoleon-Hill/product-reviews/8192910911/ref=cm_cr_dp_d_show_all_top?ie=UTF8&reviewerType=all_reviews","Appie","Implementable.","11 January 2019","Just reading the book will not help. The techniques mentioned will have to be applied. It is not necessarily a tried and tested method which will work for all. But oh well, worth a try.","5.0 out of 5 stars","Next page→","https://www.amazon.in/Think-Grow-Rich-Napoleon-Hill/product-reviews/8192910911/ref=cm_cr_arp_d_paging_btm_5?ie=UTF8&pageNumber=5&reviewerType=all_reviews"
"1549822395-867","https://www.amazon.in/Think-Grow-Rich-Napoleon-Hill/product-reviews/8192910911/ref=cm_cr_dp_d_show_all_top?ie=UTF8&reviewerType=all_reviews","DARSHAN","Its enlightening","25 June 2018","A perfect self help book I will say.  it's a master piece of it's kind of book and I guess the meshwork on which modern day self help thoughts came from.  It may feel like exaggeration but it's a complete philosophy of life.. impressed by core. Will definitely try to apply and before that understand it. Definitely requires several reads..","5.0 out of 5 stars","Next page→","https://www.amazon.in/Think-Grow-Rich-Napoleon-Hill/product-reviews/8192910911/ref=cm_cr_arp_d_paging_btm_2?ie=UTF8&pageNumber=2&reviewerType=all_reviews"
"1549822421-896","https://www.amazon.in/Think-Grow-Rich-Napoleon-Hill/product-reviews/8192910911/ref=cm_cr_dp_d_show_all_top?ie=UTF8&reviewerType=all_reviews","Rupesh parolkar","Remove of write about it","29 June 2018","This was not the real virsion of this book, it was only half of it some important things were just told without any base which are there in the orignal one.
We belive on amazon and buy assuming that there are all check done then only the product is shown here, just to show cheaper virsion of it
Really disappointing","1.0 out of 5 stars","Next page→","https://www.amazon.in/Think-Grow-Rich-Napoleon-Hill/product-reviews/8192910911/ref=cm_cr_arp_d_paging_btm_5?ie=UTF8&pageNumber=5&reviewerType=all_reviews"
"1549822382-854","https://www.amazon.in/Think-Grow-Rich-Napoleon-Hill/product-reviews/8192910911/ref=cm_cr_dp_d_show_all_top?ie=UTF8&reviewerType=all_reviews","Amazon Customer","Amazing book.","14 May 2017","This book is amazing. when you read this. this book break your myth of life. and when u had completed this book  u feel special. Thanks Napoleon hill.","5.0 out of 5 stars","",""
"1549822458-939","https://www.amazon.in/Think-Grow-Rich-Napoleon-Hill/product-reviews/8192910911/ref=cm_cr_dp_d_show_all_top?ie=UTF8&reviewerType=all_reviews","Amazon Customer","One of the finest book that should be read by everyone in thier life time.","11 September 2018","One of the finest book that every one should read to get more clarity on road to complete success. To gain more conscious towards good things and to gain more conscious about things to be neglected or avoided. This book is a good guide to both..","5.0 out of 5 stars","Next page→","https://www.amazon.in/Think-Grow-Rich-Napoleon-Hill/product-reviews/8192910911/ref=cm_cr_arp_d_paging_btm_9?ie=UTF8&pageNumber=9&reviewerType=all_reviews"
"1549822406-882","https://www.amazon.in/Think-Grow-Rich-Napoleon-Hill/product-reviews/8192910911/ref=cm_cr_dp_d_show_all_top?ie=UTF8&reviewerType=all_reviews","Karishma","Best Motivational Book!!!","16 January 2019","This is one of the best motivational self help book.I have been through many self help books and this is one of the best to motivate oneself.It is divided into chapters and it has motivations stories of individuals which are so useful.","4.0 out of 5 stars","Next page→","https://www.amazon.in/Think-Grow-Rich-Napoleon-Hill/product-reviews/8192910911/ref=cm_cr_arp_d_paging_btm_4?ie=UTF8&pageNumber=4&reviewerType=all_reviews"
"1549822476-954","https://www.amazon.in/Think-Grow-Rich-Napoleon-Hill/product-reviews/8192910911/ref=cm_cr_dp_d_show_all_top?ie=UTF8&reviewerType=all_reviews","Sankalp Gupta","Read minimum 5 to 6 times !!","17 October 2018","A little bit of history make it boring to read but the steps to be rich is nicely explained but it is little bit hard to apply it thats the reason to become rich is not so simple.","3.0 out of 5 stars","Next page→","https://www.amazon.in/Think-Grow-Rich-Napoleon-Hill/product-reviews/8192910911/ref=cm_cr_arp_d_paging_btm_11?ie=UTF8&pageNumber=11&reviewerType=all_reviews"
"1549822395-863","https://www.amazon.in/Think-Grow-Rich-Napoleon-Hill/product-reviews/8192910911/ref=cm_cr_dp_d_show_all_top?ie=UTF8&reviewerType=all_reviews","SAINATH REDDY","#25 YEARS FOR A BOOK","2 February 2019","It took quarter of a century to accumulate information and write this book, such a persistent and consistent effort. The author had written a great book of life full of lessons.
It is written on the back of this book that "" this book is probably the best self help book ever written""  i agree with that line and support it.
This book was published in 1940's ,a bit old book but had every bit of relevant and eternal information which we think of now and ever.
THINK AND GROW RICH was the title of the book but reading this book twice I came to know that lot more titles suit this book and a few I thought were
 THINK AND GROW PERSONALITY
 THINK AND GROW CHARACTER
 THINK AND GROW WISDOM
 THINK AND GROW MOTIVATION.
Fabulous book and continuing to admire the work.","5.0 out of 5 stars","Next page→","https://www.amazon.in/Think-Grow-Rich-Napoleon-Hill/product-reviews/8192910911/ref=cm_cr_arp_d_paging_btm_2?ie=UTF8&pageNumber=2&reviewerType=all_reviews"
"1549822476-955","https://www.amazon.in/Think-Grow-Rich-Napoleon-Hill/product-reviews/8192910911/ref=cm_cr_dp_d_show_all_top?ie=UTF8&reviewerType=all_reviews","Shubham Khan","Best books I've ever read","21 September 2018","It’s one of the best books I've ever read. When you read this book, this book it breaks your myth of life. Very practical manual wherein the author explains a step by step process to attain riches, both of the financial and spiritual natures.","5.0 out of 5 stars","Next page→","https://www.amazon.in/Think-Grow-Rich-Napoleon-Hill/product-reviews/8192910911/ref=cm_cr_arp_d_paging_btm_11?ie=UTF8&pageNumber=11&reviewerType=all_reviews"
"1549822399-873","https://www.amazon.in/Think-Grow-Rich-Napoleon-Hill/product-reviews/8192910911/ref=cm_cr_dp_d_show_all_top?ie=UTF8&reviewerType=all_reviews","TapasMan","pages so nice like very smooth and it feels good to read ...","24 April 2018","I just received the book a few hours ago from the courier, although I didn't read the book but honesty this is very premium book, pages so nice like very smooth and it feels good to read this book. I'm eager to read this, but not for getting some kind of rich person by reading this book, I'm eager to learn something from it and collect some precious knowledge.
I will update my review after reading this if possible. That's all, thank you.","5.0 out of 5 stars","Next page→","https://www.amazon.in/Think-Grow-Rich-Napoleon-Hill/product-reviews/8192910911/ref=cm_cr_arp_d_paging_btm_3?ie=UTF8&pageNumber=3&reviewerType=all_reviews"
"1549822399-874","https://www.amazon.in/Think-Grow-Rich-Napoleon-Hill/product-reviews/8192910911/ref=cm_cr_dp_d_show_all_top?ie=UTF8&reviewerType=all_reviews","Siddhesh Gadkar","Good book","24 January 2018","Its a good book.
Some of the points are up to the mark.
It can serve as a guide to gain riches.
Particularly the chapters on Desire, Faith and mystery of sex transmutation are a must read for all.
The greatness of this book will be revealed once you start using all that is mentioned practically.","4.0 out of 5 stars","Next page→","https://www.amazon.in/Think-Grow-Rich-Napoleon-Hill/product-reviews/8192910911/ref=cm_cr_arp_d_paging_btm_3?ie=UTF8&pageNumber=3&reviewerType=all_reviews"
"1549822445-927","https://www.amazon.in/Think-Grow-Rich-Napoleon-Hill/product-reviews/8192910911/ref=cm_cr_dp_d_show_all_top?ie=UTF8&reviewerType=all_reviews","User","Loved it!!","7 December 2017","Nice book with a suspense of ""Finding the secret"".wish you luck in finding your in the book.","5.0 out of 5 stars","Next page→","https://www.amazon.in/Think-Grow-Rich-Napoleon-Hill/product-reviews/8192910911/ref=cm_cr_arp_d_paging_btm_8?ie=UTF8&pageNumber=8&reviewerType=all_reviews"
"1549822399-875","https://www.amazon.in/Think-Grow-Rich-Napoleon-Hill/product-reviews/8192910911/ref=cm_cr_dp_d_show_all_top?ie=UTF8&reviewerType=all_reviews","Arun Sudheesan","A book that brings positive thoughts...","20 October 2018","I'm not at all a good reader, but this book really is quite fascinating. This is a book that has to be read with your heart. Good presentation, easy to understand. I read the book till chapter 4 and I am sure that this book will bring some change in my life.","5.0 out of 5 stars","Next page→","https://www.amazon.in/Think-Grow-Rich-Napoleon-Hill/product-reviews/8192910911/ref=cm_cr_arp_d_paging_btm_3?ie=UTF8&pageNumber=3&reviewerType=all_reviews"
"1549822427-907","https://www.amazon.in/Think-Grow-Rich-Napoleon-Hill/product-reviews/8192910911/ref=cm_cr_dp_d_show_all_top?ie=UTF8&reviewerType=all_reviews","Kamaldeep kaur","The best book if you're looking for a piece of motivation ...","23 August 2018","The best book if you're looking for a piece of motivation in order to kick start your plans. It's one of the best books written in a manner to guide the reader to achieve their goals. product wise the quality of pages is fine but not much good. The cover is really attractive though","4.0 out of 5 stars","Next page→","https://www.amazon.in/Think-Grow-Rich-Napoleon-Hill/product-reviews/8192910911/ref=cm_cr_arp_d_paging_btm_6?ie=UTF8&pageNumber=6&reviewerType=all_reviews"
"1549822467-944","https://www.amazon.in/Think-Grow-Rich-Napoleon-Hill/product-reviews/8192910911/ref=cm_cr_dp_d_show_all_top?ie=UTF8&reviewerType=all_reviews","Kindle Customer","Good read","2 August 2018","Things written in the book are applicable to every time frame of last and coming centuries... It speak about working on yourself... And also we realise that we are a piece of work...

Nice and encouraging","4.0 out of 5 stars","Next page→","https://www.amazon.in/Think-Grow-Rich-Napoleon-Hill/product-reviews/8192910911/ref=cm_cr_arp_d_paging_btm_10?ie=UTF8&pageNumber=10&reviewerType=all_reviews"
"1549822395-868","https://www.amazon.in/Think-Grow-Rich-Napoleon-Hill/product-reviews/8192910911/ref=cm_cr_dp_d_show_all_top?ie=UTF8&reviewerType=all_reviews","Ritesh Kumar","Nice book.","20 April 2017","Rich in this book means rich in terms of everything.
It may be money, knowledge, wisdom, goals, hapiness, success, etc.","5.0 out of 5 stars","Next page→","https://www.amazon.in/Think-Grow-Rich-Napoleon-Hill/product-reviews/8192910911/ref=cm_cr_arp_d_paging_btm_2?ie=UTF8&pageNumber=2&reviewerType=all_reviews"
"1549822485-965","https://www.amazon.in/Think-Grow-Rich-Napoleon-Hill/product-reviews/8192910911/ref=cm_cr_dp_d_show_all_top?ie=UTF8&reviewerType=all_reviews","Akshay Swarnakar","nice book.","1 April 2018","nice book ....really this book provide a strong motivation and inspiration...this is my first motivational book ....and i really satisfy with it  and excite to buy more such book...and i also appreciate amazon for their very quick service ......","4.0 out of 5 stars","Next page→","https://www.amazon.in/Think-Grow-Rich-Napoleon-Hill/product-reviews/8192910911/ref=cm_cr_arp_d_paging_btm_12?ie=UTF8&pageNumber=12&reviewerType=all_reviews"
"1549822421-900","https://www.amazon.in/Think-Grow-Rich-Napoleon-Hill/product-reviews/8192910911/ref=cm_cr_dp_d_show_all_top?ie=UTF8&reviewerType=all_reviews","Amazon Customer","will push you towards happiness and success","29 April 2018","If you already have it in you, this book will provide extra thrust. It can guide you very positively, and if you pay attention to what is said/taught in this book, will push you towards happiness and success. But you should BELIEVE!","5.0 out of 5 stars","Next page→","https://www.amazon.in/Think-Grow-Rich-Napoleon-Hill/product-reviews/8192910911/ref=cm_cr_arp_d_paging_btm_5?ie=UTF8&pageNumber=5&reviewerType=all_reviews"
"1549822485-968","https://www.amazon.in/Think-Grow-Rich-Napoleon-Hill/product-reviews/8192910911/ref=cm_cr_dp_d_show_all_top?ie=UTF8&reviewerType=all_reviews","GV Pathi","Excellent","25 July 2018","Every one should must read the book, i hope, it may guide to manage & grow well in all your aspects","5.0 out of 5 stars","Next page→","https://www.amazon.in/Think-Grow-Rich-Napoleon-Hill/product-reviews/8192910911/ref=cm_cr_arp_d_paging_btm_12?ie=UTF8&pageNumber=12&reviewerType=all_reviews"
"1549822421-894","https://www.amazon.in/Think-Grow-Rich-Napoleon-Hill/product-reviews/8192910911/ref=cm_cr_dp_d_show_all_top?ie=UTF8&reviewerType=all_reviews","Atom","Just buy it. Knowledge is never a waste. Not this","19 July 2017","This is the book that gives you the energy and the development of the thinking necessary to achieve ones goals. It gives you information on how to develop the thinking process and mindset to achieve something.","5.0 out of 5 stars","Next page→","https://www.amazon.in/Think-Grow-Rich-Napoleon-Hill/product-reviews/8192910911/ref=cm_cr_arp_d_paging_btm_5?ie=UTF8&pageNumber=5&reviewerType=all_reviews"
"1549822476-956","https://www.amazon.in/Think-Grow-Rich-Napoleon-Hill/product-reviews/8192910911/ref=cm_cr_dp_d_show_all_top?ie=UTF8&reviewerType=all_reviews","abi","best book","19 August 2017","the perfect book to learn rules for success and the best part is you have the find the secret  of success via this book which does not explain directly","5.0 out of 5 stars","Next page→","https://www.amazon.in/Think-Grow-Rich-Napoleon-Hill/product-reviews/8192910911/ref=cm_cr_arp_d_paging_btm_11?ie=UTF8&pageNumber=11&reviewerType=all_reviews"
"1549822395-862","https://www.amazon.in/Think-Grow-Rich-Napoleon-Hill/product-reviews/8192910911/ref=cm_cr_dp_d_show_all_top?ie=UTF8&reviewerType=all_reviews","tonton","Good Book. Poor Publisher","8 September 2018","5 starts to the Book.
3 stars to the publisher.

The book is brilliant.
The typography inside the book is edited very immaturely. SUDDENLY SOME LINES APPEAR IN CAPS.
The cover art of the book is very poorly designed. It has absolutely nothing to do with the essence of the book.","3.0 out of 5 stars","Next page→","https://www.amazon.in/Think-Grow-Rich-Napoleon-Hill/product-reviews/8192910911/ref=cm_cr_arp_d_paging_btm_2?ie=UTF8&pageNumber=2&reviewerType=all_reviews"
"1549822467-948","https://www.amazon.in/Think-Grow-Rich-Napoleon-Hill/product-reviews/8192910911/ref=cm_cr_dp_d_show_all_top?ie=UTF8&reviewerType=all_reviews","Abhishek Sharma","Worth buying","5 September 2018","Book is undoubtedly fabulous, but it's has many typos, which is not a recommended thing. Overall print quality is OK. But yeah overall it's worth buying.","3.0 out of 5 stars","Next page→","https://www.amazon.in/Think-Grow-Rich-Napoleon-Hill/product-reviews/8192910911/ref=cm_cr_arp_d_paging_btm_10?ie=UTF8&pageNumber=10&reviewerType=all_reviews"
"1549822458-940","https://www.amazon.in/Think-Grow-Rich-Napoleon-Hill/product-reviews/8192910911/ref=cm_cr_dp_d_show_all_top?ie=UTF8&reviewerType=all_reviews","MMahendra001","Every thing is lined up to your mind and the way you think.","8 November 2016","We are lucky that one's whole life work is served to us in couples of pages which we call it ""book""and T&GR  in the sense of  great lessons from  successful individuals through the great experience of their lifetime in both manners up and downs and then again they riseUP...yeah best book ever.Thanks to Napolean Hill and every single of them who behind it.Great inspiration for a lifetime.","5.0 out of 5 stars","Next page→","https://www.amazon.in/Think-Grow-Rich-Napoleon-Hill/product-reviews/8192910911/ref=cm_cr_arp_d_paging_btm_9?ie=UTF8&pageNumber=9&reviewerType=all_reviews"
"1549822421-892","https://www.amazon.in/Think-Grow-Rich-Napoleon-Hill/product-reviews/8192910911/ref=cm_cr_dp_d_show_all_top?ie=UTF8&reviewerType=all_reviews","ANUJ","Best book ever to live life in a new way ...","8 July 2018","Best book ever to live life in a new way and become successful in life in all way possible.
Also Recommended to buy this one here- How to Win Friends and Influence People","5.0 out of 5 stars","Next page→","https://www.amazon.in/Think-Grow-Rich-Napoleon-Hill/product-reviews/8192910911/ref=cm_cr_arp_d_paging_btm_5?ie=UTF8&pageNumber=5&reviewerType=all_reviews"
"1549822445-928","https://www.amazon.in/Think-Grow-Rich-Napoleon-Hill/product-reviews/8192910911/ref=cm_cr_dp_d_show_all_top?ie=UTF8&reviewerType=all_reviews","Amazon Customer","The book content is nothing more than sensational, one ...","6 July 2017","The book content is nothing more than sensational, one can go and date with it. The author will exhort you to chase your dream. I am motivated to believe in myself.","5.0 out of 5 stars","Next page→","https://www.amazon.in/Think-Grow-Rich-Napoleon-Hill/product-reviews/8192910911/ref=cm_cr_arp_d_paging_btm_8?ie=UTF8&pageNumber=8&reviewerType=all_reviews"
"1549822435-911","https://www.amazon.in/Think-Grow-Rich-Napoleon-Hill/product-reviews/8192910911/ref=cm_cr_dp_d_show_all_top?ie=UTF8&reviewerType=all_reviews","SOUM","Awesome book!","24 December 2018","The book condition arrived is good. All pages are readable. People complaining about bad pages are stupid. Recyclable semi rough paper is actually great for eco system.... And environment. I haven't read the book yet so I'm excited to gain knowledge from this book.","5.0 out of 5 stars","Next page→","https://www.amazon.in/Think-Grow-Rich-Napoleon-Hill/product-reviews/8192910911/ref=cm_cr_arp_d_paging_btm_7?ie=UTF8&pageNumber=7&reviewerType=all_reviews"
"1549822395-870","https://www.amazon.in/Think-Grow-Rich-Napoleon-Hill/product-reviews/8192910911/ref=cm_cr_dp_d_show_all_top?ie=UTF8&reviewerType=all_reviews","Jagan Kornana","Boring","4 July 2018","I lost my interest after few chapters but hardly completed the book. Content repeated many times and old examples used in this book.","3.0 out of 5 stars","Next page→","https://www.amazon.in/Think-Grow-Rich-Napoleon-Hill/product-reviews/8192910911/ref=cm_cr_arp_d_paging_btm_2?ie=UTF8&pageNumber=2&reviewerType=all_reviews"
"1549822435-912","https://www.amazon.in/Think-Grow-Rich-Napoleon-Hill/product-reviews/8192910911/ref=cm_cr_dp_d_show_all_top?ie=UTF8&reviewerType=all_reviews","Sumesh Gopalakrishnan","Everyone should read and practice these 13 principles","12 November 2017","This book gives a clear understanding of how your subconscious mind works and the principles that you need to follow to achieve success in your life.","5.0 out of 5 stars","Next page→","https://www.amazon.in/Think-Grow-Rich-Napoleon-Hill/product-reviews/8192910911/ref=cm_cr_arp_d_paging_btm_7?ie=UTF8&pageNumber=7&reviewerType=all_reviews"
"1549822427-903","https://www.amazon.in/Think-Grow-Rich-Napoleon-Hill/product-reviews/8192910911/ref=cm_cr_dp_d_show_all_top?ie=UTF8&reviewerType=all_reviews","JO THOMAS","Truly inspiring","28 March 2018","Its a wonderful book to show how simple rules are to be followed for a successful life ahead. Goal achievement needs and tactics are clearly illustrated in the book. Napolean hill is a great visionary author i must say.","5.0 out of 5 stars","Next page→","https://www.amazon.in/Think-Grow-Rich-Napoleon-Hill/product-reviews/8192910911/ref=cm_cr_arp_d_paging_btm_6?ie=UTF8&pageNumber=6&reviewerType=all_reviews"
"1549822382-853","https://www.amazon.in/Think-Grow-Rich-Napoleon-Hill/product-reviews/8192910911/ref=cm_cr_dp_d_show_all_top?ie=UTF8&reviewerType=all_reviews","Diksha Suman (@beingsheblog)","A book for every mind and every dreamer💚","15 December 2018","Title: THINK AND GROW RICH

Author: NAPOLEON HILL

Publisher: Amazing reads

Genre: Self-help, Nonfiction

My Rating: ⭐⭐⭐⭐⭐ ⠀⠀⠀⠀⠀⠀⠀⠀⠀⠀⠀⠀ ⠀⠀⠀⠀⠀⠀⠀⠀⠀⠀⠀⠀
My Review:
I don't think this book needs a review because it's a bestseller for over 70 years with millions of copies sold.

But still, I wanna talk about this book because I feel many people are still unaware of this beauty.

Guys, if you are a dreamer and you want to be successful in your life, I know you always need a push or motivation to continue on that path with the same dedication, strength and not giving up attitude, this book can help you a lot because it has great examples, motivational stories, principles/secrets to success and also many practical ideas which if followed properly, you can do wonders.

As I always say a book won't work unless you do, if you want this book to help you, then you have to apply all those principles.","5.0 out of 5 stars","",""
"1549822445-925","https://www.amazon.in/Think-Grow-Rich-Napoleon-Hill/product-reviews/8192910911/ref=cm_cr_dp_d_show_all_top?ie=UTF8&reviewerType=all_reviews","Vishnu vardhan","Good","17 August 2018","I got three different books, present I didn't started reading this , but according to product this book is very nice I got for 50/- in offer and book quality delivery timing is so nice and even I got One 'BOOKMARK' along with this book Thanks to Amazon","5.0 out of 5 stars","Next page→","https://www.amazon.in/Think-Grow-Rich-Napoleon-Hill/product-reviews/8192910911/ref=cm_cr_arp_d_paging_btm_8?ie=UTF8&pageNumber=8&reviewerType=all_reviews"
"1549822427-908","https://www.amazon.in/Think-Grow-Rich-Napoleon-Hill/product-reviews/8192910911/ref=cm_cr_dp_d_show_all_top?ie=UTF8&reviewerType=all_reviews","Harrsh Ankola","Grand daddy of Leadership Books & part of my MUST READ Catalogue","26 November 2013","This book is grand daddy of leadership literature. The title is kinda misleading as it tells about being rich but truly this book is all about making you a hardcore leader. Since is original unabridged edition published 1930's, the terms like ether, brainwave sharing sound like old school, but if you put yourself in the shoes of personalities who existed in year this book was published you will come to know the amount knowledge author had packed in himself 1930's and claims given in book all sounds plausible.

I would shelf it along with my 7 habits of highly effective people and other leadership literatures. This book prepares the basement for a building called ""Greatness"" in you.
DOn't read this book with recent mind set, read it with mind set of a man who existed in 1930's and everything thing in this book will dawn upon you.","5.0 out of 5 stars","Next page→","https://www.amazon.in/Think-Grow-Rich-Napoleon-Hill/product-reviews/8192910911/ref=cm_cr_arp_d_paging_btm_6?ie=UTF8&pageNumber=6&reviewerType=all_reviews"
"1549822485-964","https://www.amazon.in/Think-Grow-Rich-Napoleon-Hill/product-reviews/8192910911/ref=cm_cr_dp_d_show_all_top?ie=UTF8&reviewerType=all_reviews","himanshu","Amazing, Magical full of energy and ideas.","15 March 2018","This is really very magical book. Once you read it, you really would feel an alternative world around you. By using tricks which provided by Napoleon Hill you would become most reach person in your world.","5.0 out of 5 stars","Next page→","https://www.amazon.in/Think-Grow-Rich-Napoleon-Hill/product-reviews/8192910911/ref=cm_cr_arp_d_paging_btm_12?ie=UTF8&pageNumber=12&reviewerType=all_reviews"
"1549822458-937","https://www.amazon.in/Think-Grow-Rich-Napoleon-Hill/product-reviews/8192910911/ref=cm_cr_dp_d_show_all_top?ie=UTF8&reviewerType=all_reviews","RECESS DEBBARMA","Great","7 November 2018","Packed nicely very new. Loving the book. Exact as displayed. Will read the bestseller now hope it mesmerize me","5.0 out of 5 stars","Next page→","https://www.amazon.in/Think-Grow-Rich-Napoleon-Hill/product-reviews/8192910911/ref=cm_cr_arp_d_paging_btm_9?ie=UTF8&pageNumber=9&reviewerType=all_reviews"
"1549822476-959","https://www.amazon.in/Think-Grow-Rich-Napoleon-Hill/product-reviews/8192910911/ref=cm_cr_dp_d_show_all_top?ie=UTF8&reviewerType=all_reviews","Amit","Source of Abundance :)","16 October 2017","Works of Napoleon Hill have been the best to provide motivation. This book is full of examples to apply in life. This is not just a book rather a research. Read and apply the principles.

It will bring abundance to your life.","5.0 out of 5 stars","Next page→","https://www.amazon.in/Think-Grow-Rich-Napoleon-Hill/product-reviews/8192910911/ref=cm_cr_arp_d_paging_btm_11?ie=UTF8&pageNumber=11&reviewerType=all_reviews"
"1549822406-884","https://www.amazon.in/Think-Grow-Rich-Napoleon-Hill/product-reviews/8192910911/ref=cm_cr_dp_d_show_all_top?ie=UTF8&reviewerType=all_reviews","Amazon Customer","... book was so inspirational and i think its the best book I've ever read in my whole life","6 June 2017","The book was so inspirational and i think its the best book I've ever read in my whole life. Its divided into chapters with every chapter containing one or two stories about his life or his family's or friend's life. I just loved the book.","5.0 out of 5 stars","Next page→","https://www.amazon.in/Think-Grow-Rich-Napoleon-Hill/product-reviews/8192910911/ref=cm_cr_arp_d_paging_btm_4?ie=UTF8&pageNumber=4&reviewerType=all_reviews"
"1549822467-950","https://www.amazon.in/Think-Grow-Rich-Napoleon-Hill/product-reviews/8192910911/ref=cm_cr_dp_d_show_all_top?ie=UTF8&reviewerType=all_reviews","Brijesh","Master Key","8 June 2018","It has been an awesome read and had answers to many possible queries which keeps us bothering everyday. Think and Grow Rich is to be read as many times and everytime there would be more and more learning. It's a master  key to one's success...","5.0 out of 5 stars","Next page→","https://www.amazon.in/Think-Grow-Rich-Napoleon-Hill/product-reviews/8192910911/ref=cm_cr_arp_d_paging_btm_10?ie=UTF8&pageNumber=10&reviewerType=all_reviews"
"1549822382-860","https://www.amazon.in/Think-Grow-Rich-Napoleon-Hill/product-reviews/8192910911/ref=cm_cr_dp_d_show_all_top?ie=UTF8&reviewerType=all_reviews","Meet P.","Best Book Ever read..!","25 November 2018","This is the most awesome and inspiring book I ever read in my whole life still today! From the beginning of the book, you can found something positive to learn on each page. After started reading this book I can see the noticeable increment in my positive attitude. And also it'll change my living & thinking style at some level. I refer this book to everyone who wants to achieve a high level of success in their life! For more information please go through my <a href=""https://www.twitter.com/maniacmeet"">Twitter Profile</a> on which I share <a href=""https://twitter.com/maniacmeet/status/1054938931358138368"">my first impression thought about Think and Grow Rich</a>!","5.0 out of 5 stars","",""
"1549822406-883","https://www.amazon.in/Think-Grow-Rich-Napoleon-Hill/product-reviews/8192910911/ref=cm_cr_dp_d_show_all_top?ie=UTF8&reviewerType=all_reviews","Navaneeth","A enriched tool for a change called winning our self ...","17 June 2017","A enriched tool for a change called winning our self, nb: it is an extracted version  of original book.","4.0 out of 5 stars","Next page→","https://www.amazon.in/Think-Grow-Rich-Napoleon-Hill/product-reviews/8192910911/ref=cm_cr_arp_d_paging_btm_4?ie=UTF8&pageNumber=4&reviewerType=all_reviews"
"1549822382-859","https://www.amazon.in/Think-Grow-Rich-Napoleon-Hill/product-reviews/8192910911/ref=cm_cr_dp_d_show_all_top?ie=UTF8&reviewerType=all_reviews","Vishal Thakur","Think and grow Rich - Very true","31 October 2018","A perfect book to understand the reality and to act accordingly to it. It teaches you the depth of thinking and changes the way of your normal approach to life. It is an amazing book which everyone should read at least for one time to know yourself better. Also,  the price is amazing and the delivery was on right time by the Amazon  ✌","5.0 out of 5 stars","",""
"1549822467-945","https://www.amazon.in/Think-Grow-Rich-Napoleon-Hill/product-reviews/8192910911/ref=cm_cr_dp_d_show_all_top?ie=UTF8&reviewerType=all_reviews","SUMAN CHAKRABORTY","Four Stars","3 August 2017","NEED TO BE MORE PRECISE","4.0 out of 5 stars","Next page→","https://www.amazon.in/Think-Grow-Rich-Napoleon-Hill/product-reviews/8192910911/ref=cm_cr_arp_d_paging_btm_10?ie=UTF8&pageNumber=10&reviewerType=all_reviews"
"1549822395-865","https://www.amazon.in/Think-Grow-Rich-Napoleon-Hill/product-reviews/8192910911/ref=cm_cr_dp_d_show_all_top?ie=UTF8&reviewerType=all_reviews","varun","Life changing book","1 December 2018","this book is high class and high value book, which will surely change your life. It will change your thinking and make you positive towards your life and make you grow rich.
It's for you not for others!","5.0 out of 5 stars","Next page→","https://www.amazon.in/Think-Grow-Rich-Napoleon-Hill/product-reviews/8192910911/ref=cm_cr_arp_d_paging_btm_2?ie=UTF8&pageNumber=2&reviewerType=all_reviews"
"1549822395-869","https://www.amazon.in/Think-Grow-Rich-Napoleon-Hill/product-reviews/8192910911/ref=cm_cr_dp_d_show_all_top?ie=UTF8&reviewerType=all_reviews","Amazon Customer","Life TakesOff","20 June 2018","A Life changing book for every human being. All other self help books in whole world at one side and THIS book at other end. Now I understood why ""Think and Grow Rich"" is top selling since 1937 all over the world.

Lots of books may come and go , but this will not. It will Stand for ever. I see this as another Holy Book for human race for betterment of their life in this Industrial & Information Age.

Thank you Thank you  Thank you","5.0 out of 5 stars","Next page→","https://www.amazon.in/Think-Grow-Rich-Napoleon-Hill/product-reviews/8192910911/ref=cm_cr_arp_d_paging_btm_2?ie=UTF8&pageNumber=2&reviewerType=all_reviews"
"1549822399-878","https://www.amazon.in/Think-Grow-Rich-Napoleon-Hill/product-reviews/8192910911/ref=cm_cr_dp_d_show_all_top?ie=UTF8&reviewerType=all_reviews","Mohammed","Amazing","2 September 2018","First of all I loved the delivery, it was flawless, not a scratch on the book.Secondly this is not a book to be read once, read it till you learn it, u shd be so thorough with the book that when u finish it in, u should spontenously get the solutions to problems in life, through the principles layed in the book.The book is too good .","5.0 out of 5 stars","Next page→","https://www.amazon.in/Think-Grow-Rich-Napoleon-Hill/product-reviews/8192910911/ref=cm_cr_arp_d_paging_btm_3?ie=UTF8&pageNumber=3&reviewerType=all_reviews"
"1549822445-930","https://www.amazon.in/Think-Grow-Rich-Napoleon-Hill/product-reviews/8192910911/ref=cm_cr_dp_d_show_all_top?ie=UTF8&reviewerType=all_reviews","pradeep wavhale","Difficulty gives birth to the opportunity..","25 November 2018","It actually change the way you think about surrounding and help to build confidence in economics.after completion of this book,i want to say that world is full of apportunites we just have to look  around and that will become space for success..","5.0 out of 5 stars","Next page→","https://www.amazon.in/Think-Grow-Rich-Napoleon-Hill/product-reviews/8192910911/ref=cm_cr_arp_d_paging_btm_8?ie=UTF8&pageNumber=8&reviewerType=all_reviews"
"1549822458-933","https://www.amazon.in/Think-Grow-Rich-Napoleon-Hill/product-reviews/8192910911/ref=cm_cr_dp_d_show_all_top?ie=UTF8&reviewerType=all_reviews","makhan","superb book","16 November 2018","this is my first self-help book. Book quality is very good. After reading this book in 10 days, I fond that my way of looking at things changes. Got ver motivated. This book changed my life. I am more productive on work now. I recommend this book for everyone who is want to be succesfull.thanks","5.0 out of 5 stars","Next page→","https://www.amazon.in/Think-Grow-Rich-Napoleon-Hill/product-reviews/8192910911/ref=cm_cr_arp_d_paging_btm_9?ie=UTF8&pageNumber=9&reviewerType=all_reviews"
"1549822485-969","https://www.amazon.in/Think-Grow-Rich-Napoleon-Hill/product-reviews/8192910911/ref=cm_cr_dp_d_show_all_top?ie=UTF8&reviewerType=all_reviews","Raghavendra","Every page is filled with knowledge","18 November 2018","Reading this book almost 80 years after it was first published, and the content is still very relevant to this age. Not a lot has changed in terms of an individuals thought processes. Multiple reads required to fully grasp the essence of this great masterpiece.","5.0 out of 5 stars","Next page→","https://www.amazon.in/Think-Grow-Rich-Napoleon-Hill/product-reviews/8192910911/ref=cm_cr_arp_d_paging_btm_12?ie=UTF8&pageNumber=12&reviewerType=all_reviews"
"1549822427-902","https://www.amazon.in/Think-Grow-Rich-Napoleon-Hill/product-reviews/8192910911/ref=cm_cr_dp_d_show_all_top?ie=UTF8&reviewerType=all_reviews","uday mondal","superb","10 November 2018","I read half of the book yet but i suggest you don`t follow the success points of other life. like in the book. were you follow others life technique or some advantages so, admit that you loose you life value. Read not for implementation simply Read and think what you deserve.","5.0 out of 5 stars","Next page→","https://www.amazon.in/Think-Grow-Rich-Napoleon-Hill/product-reviews/8192910911/ref=cm_cr_arp_d_paging_btm_6?ie=UTF8&pageNumber=6&reviewerType=all_reviews"
"1549822476-960","https://www.amazon.in/Think-Grow-Rich-Napoleon-Hill/product-reviews/8192910911/ref=cm_cr_dp_d_show_all_top?ie=UTF8&reviewerType=all_reviews","Rashmi Agrawal","Everyone should read this book once in the life!","23 October 2018","First the Author sets your mind for success. Neapolian Hills been fantastic in playing with human psychology. If you believe and desire something, you own that something!","5.0 out of 5 stars","Next page→","https://www.amazon.in/Think-Grow-Rich-Napoleon-Hill/product-reviews/8192910911/ref=cm_cr_arp_d_paging_btm_11?ie=UTF8&pageNumber=11&reviewerType=all_reviews"
"1549822382-851","https://www.amazon.in/Think-Grow-Rich-Napoleon-Hill/product-reviews/8192910911/ref=cm_cr_dp_d_show_all_top?ie=UTF8&reviewerType=all_reviews","Cynthia Haller","A bit boring and incoherent","13 November 2018","I have read a lot of books that are about the Law of Attraction and the power of positive thinking. This one has nothing new in it, but has the distinction of being the first I really don't feel like reading after a few chapters.

It's written in a style that is messy, and totally incoherent, in fact, there were such inconsistency in the timeline and stories told that I ended up Googling Napoleon Hill, and learned that some of the people he claimed to have met with, including Carnegie were pure fiction, he never met with the guy, left alone being charged with a mission from him.

I learned that Hill was a con-man, and while I believe in the principles he attempt to teach in that book (read others in the same genre from different authors) I simply couldn't get in the flow of the very broken, anecdotal, narrative, and don't get me about the constant need to capitalise some words in the text, as if they are keywords that really matters.

You are better off reading the Secret, the Power and the Magic by Rhonda Byrne, and the Power of your subconscious mind by Dr Joseph Murphy and You are a Badass by Jen Sincero.
They all contain those same principles and teaching but in a writing style and narrative that is way easier to read, not to mention coherent.

The claim by Hill that you should read that book at least 3 times to reap in the benefit made me roll my eyes, because seriously who would read that boring and redundant book more than once?","2.0 out of 5 stars","",""
"1549822427-906","https://www.amazon.in/Think-Grow-Rich-Napoleon-Hill/product-reviews/8192910911/ref=cm_cr_dp_d_show_all_top?ie=UTF8&reviewerType=all_reviews","Azaz","Okay type","4 January 2016","It is a good book, more bent towards western societies. I found it difficult to connect with the personalities provided as examples. I do agree that this book contains great advices.","3.0 out of 5 stars","Next page→","https://www.amazon.in/Think-Grow-Rich-Napoleon-Hill/product-reviews/8192910911/ref=cm_cr_arp_d_paging_btm_6?ie=UTF8&pageNumber=6&reviewerType=all_reviews"
"1549822406-881","https://www.amazon.in/Think-Grow-Rich-Napoleon-Hill/product-reviews/8192910911/ref=cm_cr_dp_d_show_all_top?ie=UTF8&reviewerType=all_reviews","Amazon Customer","One Star","15 February 2018","The chapter no are marked wrongly,spelling mistakes ,is this even legal copy.","1.0 out of 5 stars","Next page→","https://www.amazon.in/Think-Grow-Rich-Napoleon-Hill/product-reviews/8192910911/ref=cm_cr_arp_d_paging_btm_4?ie=UTF8&pageNumber=4&reviewerType=all_reviews"
